Theme,blog_ID,Published At time,Published At Year,Published At Month,Published At Day_of_month
5.0,ID_Z6MM,10:34:55.071854,5,4,5
5.0,ID_7IB3,14:51:13.268049,5,4,5
3.0,ID_JR8K,13:19:08.877076,5,4,17
2.0,ID_IDAV,17:18:06.151314,5,7,6
2.0,ID_7JVL,11:48:36.428428,4,8,25
2.0,ID_RY9N,08:10:52.279591,4,9,22
2.0,ID_5SM9,15:25:43.800262,4,10,1
4.0,ID_NEQG,12:09:59.303830,4,11,5
2.0,ID_N7KH,08:36:42.812204,4,11,12
1.0,ID_PTSN,07:28:33.809455,4,12,20
2.0,ID_UTI2,14:15:20.408372,4,12,17
5.0,ID_EY3D,11:13:38.273095,4,12,30
4.0,ID_X8ZV,09:04:42.892321,4,1,25
5.0,ID_8F65,09:11:30.914730,4,1,18
2.0,ID_E7A3,10:33:41.190120,4,2,19
2.0,ID_Z3KJ,12:46:04.718918,4,3,6
2.0,ID_G880,07:43:21.516819,4,3,20
1.0,ID_81CM,08:16:45.434928,4,3,30
1.0,ID_6UVW,09:20:24.897215,4,4,2
5.0,ID_RIFS,09:18:19.123467,4,4,2
1.0,ID_20QL,10:04:54.940261,4,4,10
2.0,ID_M6X6,08:37:47.664885,4,5,10
2.0,ID_VXPF,06:59:45.853170,4,5,15
2.0,ID_LZRD,08:38:00.919023,4,6,5
1.0,ID_WOOH,09:09:39.372550,4,6,7
2.0,ID_Z829,11:37:28.120773,4,7,13
2.0,ID_NVX3,08:56:34.689879,3,8,17
3.0,ID_HOZ3,08:23:50.106995,3,9,6
4.0,ID_HHYP,10:59:13.166777,3,9,21
2.0,ID_R97T,11:06:17.182568,3,10,10
2.0,ID_22WI,11:59:31.298640,3,10,3
,ID_K7ZU,12:58:12.332310,3,10,3
5.0,ID_DBCO,14:26:18.615021,3,10,4
4.0,ID_IQMY,07:33:20.653611,3,10,12
2.0,ID_9RIT,07:59:47.501708,3,10,17
5.0,ID_13GX,08:29:07.849011,3,10,19
5.0,ID_F3TO,08:13:20.968687,3,10,26
2.0,ID_A8QW,06:55:59.894428,3,11,2
2.0,ID_4IVA,10:00:40.315134,3,11,7
5.0,ID_RG6P,10:34:43.526142,3,11,9
2.0,ID_J6VS,13:19:51.298372,3,11,14
,ID_K8O7,08:04:11.179375,3,11,15
1.0,ID_5QSJ,12:59:32.142196,3,11,16
2.0,ID_TUSP,07:25:21.339309,3,11,30
3.0,ID_QETJ,08:16:01.823011,3,12,1
4.0,ID_7HKO,08:18:34.558951,3,12,1
2.0,ID_Z900,07:00:36.338954,3,12,14
2.0,ID_2MAO,13:40:58.351933,3,12,12
2.0,ID_PUDU,11:50:50.164523,3,1,4
2.0,ID_WP2W,06:37:20.976665,3,1,18
2.0,ID_I8XE,07:02:45.277338,3,1,25
2.0,ID_2Q87,06:49:03.632824,3,2,9
,ID_1WM1,13:25:14.163017,3,2,23
3.0,ID_N048,14:34:29.748975,3,3,20
3.0,ID_AKY2,11:58:18.184638,3,5,1
2.0,ID_ZEOE,09:36:57.499448,3,5,22
4.0,ID_S3A0,10:48:08.714008,3,6,12
5.0,ID_SP1U,10:20:23.590520,3,6,19
2.0,ID_WXGL,14:41:17.104046,3,6,25
1.0,ID_L4XI,10:57:20.706090,3,7,15
2.0,ID_ZZKK,06:08:26.103791,3,7,24
2.0,ID_VIQ1,11:20:39.687235,2,8,7
1.0,ID_FE45,10:14:38.653284,2,8,14
3.0,ID_KFKU,09:19:23.539363,2,8,28
2.0,ID_UD7C,13:35:18.012181,2,9,11
4.0,ID_7GVR,12:10:40.844572,2,9,18
4.0,ID_V2LR,11:40:57.238143,2,10,4
4.0,ID_LOO5,12:07:42.331078,2,11,15
4.0,ID_AL0Q,14:47:21.360371,2,11,22
4.0,ID_70AO,11:37:16.911606,2,11,30
3.0,ID_NTRF,11:19:49.045821,2,12,13
2.0,ID_YV8T,10:56:33.362923,2,12,27
3.0,ID_9CDA,13:05:02.178203,2,1,3
3.0,ID_C1US,15:29:29.818247,2,2,1
2.0,ID_F1VZ,13:24:47.971218,2,2,14
1.0,ID_A74U,09:12:49.431224,2,2,28
2.0,ID_J25H,09:39:55.039373,2,3,12
1.0,ID_GOJM,09:18:18.417581,2,3,25
1.0,ID_OQBH,14:29:14.964640,2,4,1
1.0,ID_Y3QI,13:44:59.420677,2,4,8
3.0,ID_23W7,07:27:08.256013,2,4,23
2.0,ID_3MK5,16:52:51.170301,2,4,29
1.0,ID_406V,11:57:01.875343,2,5,7
1.0,ID_LGNV,10:07:18.970368,2,5,14
1.0,ID_PNAQ,12:43:38.934850,2,5,20
1.0,ID_J1DN,13:23:51.318353,2,5,27
1.0,ID_4ZAC,13:58:46.559920,2,6,18
3.0,ID_Q3F6,13:46:53.560291,2,6,25
4.0,ID_6FNJ,13:34:16.567863,2,7,2
1.0,ID_Q2AQ,09:51:35.684084,1,8,6
3.0,ID_71PM,13:31:31.605069,1,8,13
2.0,ID_GZ7Z,13:16:05.218674,1,8,20
1.0,ID_FMYJ,11:55:38.695056,1,8,27
5.0,ID_YEJW,13:29:18.602554,1,9,3
4.0,ID_EHBF,16:23:18.115465,1,9,17
4.0,ID_21DG,17:57:28.095160,1,9,24
2.0,ID_0G4L,15:31:53.778087,1,11,7
1.0,ID_KRWI,13:05:42.899674,1,11,14
2.0,ID_R326,12:06:26.604942,1,11,21
2.0,ID_ZXUY,15:10:26.255064,1,12,5
5.0,ID_BYHB,11:48:00.594686,1,12,12
1.0,ID_HJAO,08:02:13.674641,1,12,26
4.0,ID_JUB6,07:01:31.546360,1,1,2
5.0,ID_7QFL,05:42:08.748456,1,1,9
4.0,ID_HAQH,13:56:15.482834,1,1,9
3.0,ID_QR5X,06:02:57.186368,1,1,16
4.0,ID_4EIQ,14:05:11.332072,1,1,23
1.0,ID_EUC8,07:41:30.065553,1,1,30
1.0,ID_SEBQ,10:08:03.365241,1,2,14
5.0,ID_XNC8,11:54:45.515949,1,2,28
4.0,ID_QEGV,14:01:30.950198,1,3,4
4.0,ID_OD7E,12:59:55.992321,1,3,11
5.0,ID_BYCA,08:47:22.257135,1,4,1
2.0,ID_3MFP,09:34:57.035251,1,4,8
4.0,ID_TTTU,09:54:57.702275,1,4,15
4.0,ID_ATLA,08:11:05.392827,1,4,29
2.0,ID_C4OY,08:12:16.647146,1,5,27
